[{"id":2963014822,"title":"Blog Template","order":1,"templateKey":"blog","customTemplate":false,"customTemplateFilename":null,"pageLinks":[],"dateCreated":"2023-08-03T19:51:14.486Z","dateUpdated":"2023-08-03T19:51:15.441Z","folderId":null,"pageName":"Blog Template","serverPageId":null,"status":2,"backwardUrl":null},{"id":65374068,"title":"Post Template","order":2,"templateKey":"post","customTemplate":false,"customTemplateFilename":null,"pageLinks":[],"dateCreated":"2023-08-03T19:51:14.611Z","dateUpdated":"2023-08-03T19:51:15.505Z","folderId":null,"pageName":"Post Template","serverPageId":null,"status":2,"backwardUrl":null},{"id":184913849,"title":"Product List Template","order":3,"templateKey":"products","customTemplate":false,"customTemplateFilename":null,"pageLinks":[],"dateCreated":"2023-08-03T19:51:14.716Z","dateUpdated":"2023-08-03T19:51:15.521Z","folderId":null,"pageName":"Product List Template","serverPageId":null,"status":2,"backwardUrl":null},{"id":99803583,"title":"Product Details Template","order":4,"templateKey":"product","customTemplate":false,"customTemplateFilename":null,"pageLinks":[],"dateCreated":"2023-08-03T19:51:14.823Z","dateUpdated":"2023-08-03T19:51:15.538Z","folderId":null,"pageName":"Product Details Template","serverPageId":null,"status":2,"backwardUrl":null},{"id":17465630,"title":"Shopping Cart Template","order":5,"templateKey":"cart","customTemplate":false,"customTemplateFilename":null,"pageLinks":[],"dateCreated":"2023-08-03T19:51:14.915Z","dateUpdated":"2023-08-03T19:51:15.554Z","folderId":null,"pageName":"Shopping Cart Template","serverPageId":null,"status":2,"backwardUrl":null},{"id":68308942,"title":"Checkout Template","order":6,"templateKey":"checkout","customTemplate":false,"customTemplateFilename":null,"pageLinks":[],"dateCreated":"2023-08-03T19:51:15.039Z","dateUpdated":"2023-08-03T19:51:15.570Z","folderId":null,"pageName":"Checkout Template","serverPageId":null,"status":2,"backwardUrl":null},{"id":21847576,"title":"Login Template","order":7,"templateKey":"login","customTemplate":false,"customTemplateFilename":null,"pageLinks":["839818019"],"dateCreated":"2023-08-03T19:51:15.106Z","dateUpdated":"2023-09-15T17:23:18.208Z","folderId":null,"pageName":"Login Template","serverPageId":null,"status":2,"backwardUrl":null},{"id":56463742,"title":"Page Password Template","order":8,"templateKey":"password","customTemplate":false,"customTemplateFilename":null,"pageLinks":[],"dateCreated":"2023-08-03T19:51:15.155Z","dateUpdated":"2023-08-03T19:51:15.599Z","folderId":null,"pageName":"Page Password Template","serverPageId":null,"status":2,"backwardUrl":null},{"id":68383591,"title":"404 Not Found Template","order":9,"templateKey":"404","customTemplate":false,"customTemplateFilename":null,"pageLinks":[],"dateCreated":"2023-08-03T19:51:15.203Z","dateUpdated":"2023-08-03T19:51:15.616Z","folderId":null,"pageName":"404 Not Found Template","serverPageId":null,"status":2,"backwardUrl":null},{"id":770324420,"title":"Thank You Page Template","order":10,"templateKey":"ThankYou","customTemplate":false,"customTemplateFilename":null,"pageLinks":[],"dateCreated":"2023-08-24T04:57:47.929Z","dateUpdated":"2023-08-24T04:57:47.998Z","folderId":null,"pageName":"Thank You Page Template","serverPageId":null,"status":2,"backwardUrl":null},{"id":839818019,"title":"Inicio","order":102,"templateKey":null,"customTemplate":false,"customTemplateFilename":null,"pageLinks":["839818019"],"dateCreated":"2023-08-17T03:42:55.074Z","dateUpdated":"2023-10-18T00:42:40.619Z","folderId":null,"pageName":"Inicio_839818019","serverPageId":null,"status":2,"backwardUrl":null},{"id":287205495,"title":"Servicios","order":103,"templateKey":null,"customTemplate":false,"customTemplateFilename":null,"pageLinks":["839818019"],"dateCreated":"2023-08-19T22:39:35.286Z","dateUpdated":"2023-10-17T23:54:09.049Z","folderId":null,"pageName":"Servicios_287205495","serverPageId":null,"status":2,"backwardUrl":null},{"id":93808703,"title":"Admin","order":103.5,"templateKey":null,"customTemplate":false,"customTemplateFilename":null,"pageLinks":["839818019"],"dateCreated":"2023-08-19T22:39:35.286Z","dateUpdated":"2023-10-24T13:33:35.109Z","folderId":null,"pageName":"Admin_93808703","serverPageId":null,"status":2,"backwardUrl":null},{"id":255618681,"title":"editar","order":103.75,"templateKey":null,"customTemplate":false,"customTemplateFilename":null,"pageLinks":["839818019","93808703"],"dateCreated":"2023-08-19T22:39:35.286Z","dateUpdated":"2023-10-25T20:30:16.942Z","folderId":null,"pageName":"editar_255618681","serverPageId":null,"status":2,"backwardUrl":null},{"id":195170533,"title":"Login","order":104,"templateKey":null,"customTemplate":false,"customTemplateFilename":null,"pageLinks":["839818019","470929260"],"dateCreated":"2023-10-13T06:05:50.383Z","dateUpdated":"2023-10-17T21:45:22.698Z","folderId":null,"pageName":"Login_195170533","serverPageId":null,"status":2,"backwardUrl":null},{"id":470929260,"title":"register","order":105,"templateKey":null,"customTemplate":false,"customTemplateFilename":null,"pageLinks":["839818019"],"dateCreated":"2023-10-13T06:05:57.721Z","dateUpdated":"2023-10-17T20:32:18.449Z","folderId":null,"pageName":"register_470929260","serverPageId":null,"status":2,"backwardUrl":null},{"id":234611996,"title":"usuario","order":106,"templateKey":null,"customTemplate":false,"customTemplateFilename":null,"pageLinks":["839818019"],"dateCreated":"2023-10-13T06:06:43.750Z","dateUpdated":"2023-10-18T14:01:44.802Z","folderId":null,"pageName":"usuario_234611996","serverPageId":null,"status":2,"backwardUrl":null},{"id":33823686,"title":"Appointment","order":107,"templateKey":null,"customTemplate":false,"customTemplateFilename":null,"pageLinks":["839818019"],"dateCreated":"2023-10-13T06:06:57.027Z","dateUpdated":"2023-10-25T01:19:49.455Z","folderId":null,"pageName":"Appointment_33823686","serverPageId":null,"status":2,"backwardUrl":null},{"id":109574135,"title":"agenda","order":108,"templateKey":null,"customTemplate":false,"customTemplateFilename":null,"pageLinks":["839818019"],"dateCreated":"2023-10-18T05:26:50.584Z","dateUpdated":"2023-10-25T21:15:39.271Z","folderId":null,"pageName":"agenda_109574135","serverPageId":null,"status":2,"backwardUrl":null}]