[{"id":"user-image-BEAUTY2.jpg","publicUrl":"np://user.desktop.nicepage.com/Site_303100238/images/BEAUTY2.jpg","size":57222,"fileName":"BEAUTY2.jpg","name":"BEAUTY2","width":768,"height":559,"thumbnail":{"url":"np://user.desktop.nicepage.com/Site_303100238/images/thumbnails/BEAUTY2.jpg","width":250,"height":182},"usages":["839818019"]},{"id":"user-image-0b371d95-cef3-309c-0783-7dfc0a6d54d4.jpg","publicUrl":"np://user.desktop.nicepage.com/Site_303100238/images/0b371d95-cef3-309c-0783-7dfc0a6d54d4.jpg","size":38787,"fileName":"0b371d95-cef3-309c-0783-7dfc0a6d54d4.jpg","name":"0b371d95-cef3-309c-0783-7dfc0a6d54d4","width":1920,"height":1200,"thumbnail":{"url":"np://user.desktop.nicepage.com/Site_303100238/images/thumbnails/0b371d95-cef3-309c-0783-7dfc0a6d54d4.jpg","width":250,"height":156},"originalUrl":"//images01.nicepage.com/c461c07a441a5d220e8feb1a/0c70c1dc45215c91bb7293c6/0b371d95-cef3-309c-0783-7dfc0a6d54d4.jpg","usages":["255618681"]},{"id":"user-image-11.jpg","publicUrl":"np://user.desktop.nicepage.com/Site_303100238/images/11.jpg","size":10152,"fileName":"11.jpg","name":"11","width":211,"height":211,"thumbnail":{"url":"np://user.desktop.nicepage.com/Site_303100238/images/thumbnails/11.jpg","width":211,"height":211,"length":10152},"originalUrl":"//images01.nicepage.com/c461c07a441a5d220e8feb1a/f86236aeb432544da74f5648/1.jpg","usages":[]},{"id":"user-image-1769041.png","publicUrl":"np://user.desktop.nicepage.com/Site_303100238/images/1769041.png","size":3671,"fileName":"1769041.png","name":"1769041","width":128,"height":128,"thumbnail":{"url":"np://user.desktop.nicepage.com/Site_303100238/images/thumbnails/1769041.png","width":128,"height":128,"length":3671},"usages":[]},{"id":"user-image-2.jpg","publicUrl":"np://user.desktop.nicepage.com/Site_303100238/images/2.jpg","size":17336,"fileName":"2.jpg","name":"2","width":211,"height":211,"thumbnail":{"url":"np://user.desktop.nicepage.com/Site_303100238/images/thumbnails/2.jpg","width":211,"height":211,"length":17336},"originalUrl":"//images01.nicepage.com/c461c07a441a5d220e8feb1a/745257a42ecc5a57b85b6265/2.jpg","usages":[]},{"id":"user-image-222.jpg","publicUrl":"np://user.desktop.nicepage.com/Site_303100238/images/222.jpg","size":27838,"fileName":"222.jpg","name":"222","width":420,"height":420,"thumbnail":{"url":"np://user.desktop.nicepage.com/Site_303100238/images/thumbnails/222.jpg","width":250,"height":250},"originalUrl":"//images01.nicepage.com/c461c07a441a5d220e8feb1a/ac32cd7d21985a8ba502c786/222.jpg","usages":[]},{"id":"user-image-2357434.png","publicUrl":"np://user.desktop.nicepage.com/Site_303100238/images/2357434.png","size":3456,"fileName":"2357434.png","name":"2357434","width":128,"height":128,"thumbnail":{"url":"np://user.desktop.nicepage.com/Site_303100238/images/thumbnails/2357434.png","width":128,"height":128,"length":3456},"usages":["839818019"]},{"id":"user-image-244256.png","publicUrl":"np://user.desktop.nicepage.com/Site_303100238/images/244256.png","size":3564,"fileName":"244256.png","name":"244256","width":128,"height":128,"thumbnail":{"url":"np://user.desktop.nicepage.com/Site_303100238/images/thumbnails/244256.png","width":128,"height":128,"length":3564},"usages":["839818019"]},{"id":"user-image-2732655.png","publicUrl":"np://user.desktop.nicepage.com/Site_303100238/images/2732655.png","size":1464,"fileName":"2732655.png","name":"2732655","width":128,"height":128,"thumbnail":{"url":"np://user.desktop.nicepage.com/Site_303100238/images/thumbnails/2732655.png","width":128,"height":128,"length":1464},"originalUrl":"https://assets.nicepagecdn.com/d2cc3eaa/324073/images/2732655.png","usages":["839818019"]},{"id":"user-image-3.jpg","publicUrl":"np://user.desktop.nicepage.com/Site_303100238/images/3.jpg","size":11923,"fileName":"3.jpg","name":"3","width":211,"height":211,"thumbnail":{"url":"np://user.desktop.nicepage.com/Site_303100238/images/thumbnails/3.jpg","width":211,"height":211,"length":11923},"originalUrl":"//images01.nicepage.com/c461c07a441a5d220e8feb1a/4a1fc1c3fe6e52cebb2083ed/3.jpg","usages":[]},{"id":"user-image-3ccf2341e696916269a7b728d9e3a0525149da4056cdf10859c209bf72412308cd9857a1661b3d2a2a77a9a9c2406823d7c8aa5baff9ac1e372b31_1280.jpg","publicUrl":"np://user.desktop.nicepage.com/Site_303100238/images/3ccf2341e696916269a7b728d9e3a0525149da4056cdf10859c209bf72412308cd9857a1661b3d2a2a77a9a9c2406823d7c8aa5baff9ac1e372b31_1280.jpg","size":154440,"fileName":"3ccf2341e696916269a7b728d9e3a0525149da4056cdf10859c209bf72412308cd9857a1661b3d2a2a77a9a9c2406823d7c8aa5baff9ac1e372b31_1280.jpg","name":"3ccf2341e696916269a7b728d9e3a0525149da4056cdf10859c209bf72412308cd9857a1661b3d2a2a77a9a9c2406823d7c8aa5baff9ac1e372b31_1280","width":1280,"height":853,"thumbnail":{"url":"np://user.desktop.nicepage.com/Site_303100238/images/thumbnails/3ccf2341e696916269a7b728d9e3a0525149da4056cdf10859c209bf72412308cd9857a1661b3d2a2a77a9a9c2406823d7c8aa5baff9ac1e372b31_1280.jpg","width":250,"height":167},"usages":["839818019"]},{"id":"user-image-4.jpg","publicUrl":"np://user.desktop.nicepage.com/Site_303100238/images/4.jpg","size":12558,"fileName":"4.jpg","name":"4","width":211,"height":211,"thumbnail":{"url":"np://user.desktop.nicepage.com/Site_303100238/images/thumbnails/4.jpg","width":211,"height":211,"length":12558},"originalUrl":"//images01.nicepage.com/c461c07a441a5d220e8feb1a/cd75a5e77de45c12b3c411c9/4.jpg","usages":[]},{"id":"user-image-535239.png","publicUrl":"np://user.desktop.nicepage.com/Site_303100238/images/535239.png","size":4757,"fileName":"535239.png","name":"535239","width":128,"height":128,"thumbnail":{"url":"np://user.desktop.nicepage.com/Site_303100238/images/thumbnails/535239.png","width":128,"height":128,"length":4757},"usages":[]},{"id":"user-image-597177.png","publicUrl":"np://user.desktop.nicepage.com/Site_303100238/images/597177.png","size":2660,"fileName":"597177.png","name":"597177","width":128,"height":128,"thumbnail":{"url":"np://user.desktop.nicepage.com/Site_303100238/images/thumbnails/597177.png","width":128,"height":128,"length":2660},"originalUrl":"https://assets.nicepagecdn.com/d2cc3eaa/324073/images/597177.png","usages":["839818019"]},{"id":"user-image-7350737.png","publicUrl":"np://user.desktop.nicepage.com/Site_303100238/images/7350737.png","size":2019,"fileName":"7350737.png","name":"7350737","width":128,"height":128,"thumbnail":{"url":"np://user.desktop.nicepage.com/Site_303100238/images/thumbnails/7350737.png","width":128,"height":128,"length":2019},"originalUrl":"https://assets.nicepagecdn.com/d2cc3eaa/324073/images/7350737.png","usages":["839818019"]},{"id":"user-image-748113.png","publicUrl":"np://user.desktop.nicepage.com/Site_303100238/images/748113.png","size":736,"fileName":"748113.png","name":"748113","width":128,"height":128,"thumbnail":{"url":"np://user.desktop.nicepage.com/Site_303100238/images/thumbnails/748113.png","width":128,"height":128,"length":736},"usages":["93808703"]},{"id":"user-image-787332.png","publicUrl":"np://user.desktop.nicepage.com/Site_303100238/images/787332.png","size":3084,"fileName":"787332.png","name":"787332","width":128,"height":128,"thumbnail":{"url":"np://user.desktop.nicepage.com/Site_303100238/images/thumbnails/787332.png","width":128,"height":128,"length":3084},"usages":["839818019"]},{"id":"user-image-8e28eb5c-aa3d-b6eb-b8a4-c7348493a7fc.jpg","publicUrl":"np://user.desktop.nicepage.com/Site_303100238/images/8e28eb5c-aa3d-b6eb-b8a4-c7348493a7fc.jpg","size":31388,"fileName":"8e28eb5c-aa3d-b6eb-b8a4-c7348493a7fc.jpg","name":"8e28eb5c-aa3d-b6eb-b8a4-c7348493a7fc","width":420,"height":420,"thumbnail":{"url":"np://user.desktop.nicepage.com/Site_303100238/images/thumbnails/8e28eb5c-aa3d-b6eb-b8a4-c7348493a7fc.jpg","width":250,"height":250},"originalUrl":"//images01.nicepage.com/c461c07a441a5d220e8feb1a/b68f2eb30f495f19adafdd10/8e28eb5c-aa3d-b6eb-b8a4-c7348493a7fc.jpg","usages":[]},{"id":"user-image-9718507.png","publicUrl":"np://user.desktop.nicepage.com/Site_303100238/images/9718507.png","size":2822,"fileName":"9718507.png","name":"9718507","width":128,"height":128,"thumbnail":{"url":"np://user.desktop.nicepage.com/Site_303100238/images/thumbnails/9718507.png","width":128,"height":128,"length":2822},"usages":["839818019"]},{"id":"user-image-9789365.png","publicUrl":"np://user.desktop.nicepage.com/Site_303100238/images/9789365.png","size":3417,"fileName":"9789365.png","name":"9789365","width":128,"height":128,"thumbnail":{"url":"np://user.desktop.nicepage.com/Site_303100238/images/thumbnails/9789365.png","width":128,"height":128,"length":3417},"usages":[]},{"id":"user-image-1021799.png","publicUrl":"np://user.desktop.nicepage.com/Site_303100238/images/1021799.png","size":5521,"fileName":"1021799.png","name":"1021799","width":128,"height":128,"thumbnail":{"url":"np://user.desktop.nicepage.com/Site_303100238/images/thumbnails/1021799.png","width":128,"height":128,"length":5521},"usages":[]},{"id":"user-image-Blefaroplastia.jpg","publicUrl":"np://user.desktop.nicepage.com/Site_303100238/images/Blefaroplastia.jpg","size":190896,"fileName":"Blefaroplastia.jpg","name":"Blefaroplastia","width":1280,"height":853,"thumbnail":{"url":"np://user.desktop.nicepage.com/Site_303100238/images/thumbnails/Blefaroplastia.jpg","width":250,"height":167},"usages":[]},{"id":"user-image-Rinoplastia.jpg","publicUrl":"np://user.desktop.nicepage.com/Site_303100238/images/Rinoplastia.jpg","size":76418,"fileName":"Rinoplastia.jpg","name":"Rinoplastia","width":880,"height":483,"thumbnail":{"url":"np://user.desktop.nicepage.com/Site_303100238/images/thumbnails/Rinoplastia.jpg","width":250,"height":137},"usages":[]},{"id":"user-image-abs.jpg","publicUrl":"np://user.desktop.nicepage.com/Site_303100238/images/abs.jpg","size":120872,"fileName":"abs.jpg","name":"abs","width":1200,"height":900,"thumbnail":{"url":"np://user.desktop.nicepage.com/Site_303100238/images/thumbnails/abs.jpg","width":250,"height":188},"usages":["839818019"]},{"id":"user-image-beauty.jpg","publicUrl":"np://user.desktop.nicepage.com/Site_303100238/images/beauty.jpg","size":430613,"fileName":"beauty.jpg","name":"beauty","width":1200,"height":800,"thumbnail":{"url":"np://user.desktop.nicepage.com/Site_303100238/images/thumbnails/beauty.jpg","width":250,"height":167},"usages":["839818019"]},{"id":"user-image-dfbe8fd1f76035f569e49ca940fd47a5271e02e0cbd8a25793e876276f3a7412a6d8f0728d03488e9e3451577776de5beafddf6c3e091f0f0fa017_1280.png","publicUrl":"np://user.desktop.nicepage.com/Site_303100238/images/dfbe8fd1f76035f569e49ca940fd47a5271e02e0cbd8a25793e876276f3a7412a6d8f0728d03488e9e3451577776de5beafddf6c3e091f0f0fa017_1280.png","size":36073,"fileName":"dfbe8fd1f76035f569e49ca940fd47a5271e02e0cbd8a25793e876276f3a7412a6d8f0728d03488e9e3451577776de5beafddf6c3e091f0f0fa017_1280.png","name":"dfbe8fd1f76035f569e49ca940fd47a5271e02e0cbd8a25793e876276f3a7412a6d8f0728d03488e9e3451577776de5beafddf6c3e091f0f0fa017_1280","width":1280,"height":1280,"thumbnail":{"url":"np://user.desktop.nicepage.com/Site_303100238/images/thumbnails/dfbe8fd1f76035f569e49ca940fd47a5271e02e0cbd8a25793e876276f3a7412a6d8f0728d03488e9e3451577776de5beafddf6c3e091f0f0fa017_1280.png","width":250,"height":250},"usages":["234611996"]},{"id":"user-image-doc.jpeg","publicUrl":"np://user.desktop.nicepage.com/Site_303100238/images/doc.jpeg","size":168514,"fileName":"doc.jpeg","name":"doc","width":1500,"height":992,"thumbnail":{"url":"np://user.desktop.nicepage.com/Site_303100238/images/thumbnails/doc.jpeg","width":250,"height":165},"usages":[]},{"id":"user-image-estecc.png","publicUrl":"np://user.desktop.nicepage.com/Site_303100238/images/estecc.png","size":471080,"fileName":"estecc.png","name":"estecc","width":800,"height":450,"thumbnail":{"url":"np://user.desktop.nicepage.com/Site_303100238/images/thumbnails/estecc.png","width":250,"height":141},"usages":["839818019"]},{"id":"user-image-esteticaaa.jpg","publicUrl":"np://user.desktop.nicepage.com/Site_303100238/images/esteticaaa.jpg","size":101303,"fileName":"esteticaaa.jpg","name":"esteticaaa","width":1000,"height":850,"thumbnail":{"url":"np://user.desktop.nicepage.com/Site_303100238/images/thumbnails/esteticaaa.jpg","width":250,"height":213},"usages":["839818019"]},{"id":"user-image-ff.jpg","publicUrl":"np://user.desktop.nicepage.com/Site_303100238/images/ff.jpg","size":31333,"fileName":"ff.jpg","name":"ff","width":420,"height":420,"thumbnail":{"url":"np://user.desktop.nicepage.com/Site_303100238/images/thumbnails/ff.jpg","width":250,"height":250},"originalUrl":"//images01.nicepage.com/c461c07a441a5d220e8feb1a/6b3ee025d031533b91bed183/ff.jpg","usages":[]},{"id":"user-image-ffdf-min.jpg","publicUrl":"np://user.desktop.nicepage.com/Site_303100238/images/ffdf-min.jpg","size":117977,"fileName":"ffdf-min.jpg","name":"ffdf-min","width":1920,"height":911,"thumbnail":{"url":"np://user.desktop.nicepage.com/Site_303100238/images/thumbnails/ffdf-min.jpg","width":250,"height":119},"originalUrl":"//images01.nicepage.com/c461c07a441a5d220e8feb1a/17ce6b1b08f35e7cb5509161/ffdf-min.jpg","usages":[]},{"id":"user-image-insidehopsital.png","publicUrl":"np://user.desktop.nicepage.com/Site_303100238/images/insidehopsital.png","size":1892506,"fileName":"insidehopsital.png","name":"insidehopsital","width":1024,"height":995,"thumbnail":{"url":"np://user.desktop.nicepage.com/Site_303100238/images/thumbnails/insidehopsital.png","width":250,"height":243},"usages":["839818019"]},{"id":"user-image-lipo22.jpg","publicUrl":"np://user.desktop.nicepage.com/Site_303100238/images/lipo22.jpg","size":367432,"fileName":"lipo22.jpg","name":"lipo22","width":1024,"height":682,"thumbnail":{"url":"np://user.desktop.nicepage.com/Site_303100238/images/thumbnails/lipo22.jpg","width":250,"height":167},"usages":["839818019"]},{"id":"user-image-logo.jpg","publicUrl":"np://user.desktop.nicepage.com/Site_303100238/images/logo.jpg","size":26481,"fileName":"logo.jpg","name":"logo","width":500,"height":500,"thumbnail":{"url":"np://user.desktop.nicepage.com/Site_303100238/images/thumbnails/logo.jpg","width":250,"height":250},"usages":["839818019"]},{"id":"user-image-logoSINLETRAS.jpg","publicUrl":"np://user.desktop.nicepage.com/Site_303100238/images/logoSINLETRAS.jpg","size":17517,"fileName":"logoSINLETRAS.jpg","name":"logoSINLETRAS","width":436,"height":345,"thumbnail":{"url":"np://user.desktop.nicepage.com/Site_303100238/images/thumbnails/logoSINLETRAS.jpg","width":250,"height":198},"usages":["839818019"]}]